,header,title,titleUrl,time,products,day_only
0,Google Play services,Used Google Play services,https://play.google.com/store/apps/details?id=com.google.android.gms,2021-08-15 16:39:50.177000+00:00,['Android'],2021-08-15
1,Minecraft,Used Minecraft,https://play.google.com/store/apps/details?id=com.mojang.minecraftpe,2021-08-15 16:24:13.408000+00:00,['Android'],2021-08-15
2,Samsung One UI Home,Used Samsung One UI Home,https://play.google.com/store/apps/details?id=com.sec.android.app.launcher,2021-08-15 15:22:06.537000+00:00,['Android'],2021-08-15
3,Roblox,Used Roblox,https://play.google.com/store/apps/details?id=com.roblox.client,2021-08-15 15:19:36.255000+00:00,['Android'],2021-08-15
4,Samsung One UI Home,Used Samsung One UI Home,https://play.google.com/store/apps/details?id=com.sec.android.app.launcher,2021-08-15 14:21:33.513000+00:00,['Android'],2021-08-15
5,Google Drive,Used Google Drive,https://play.google.com/store/apps/details?id=com.google.android.apps.docs,2021-08-15 14:21:31.107000+00:00,['Android'],2021-08-15
6,Google Play Store,Used Google Play Store,https://play.google.com/store/apps/details?id=com.android.vending,2021-08-15 13:56:48.791000+00:00,['Android'],2021-08-15
7,Google Chrome: Fast & Secure,Used Google Chrome: Fast & Secure,https://play.google.com/store/apps/details?id=com.android.chrome,2021-08-15 13:55:15.183000+00:00,['Android'],2021-08-15
9,Microsoft OneDrive,Used Microsoft OneDrive,https://play.google.com/store/apps/details?id=com.microsoft.skydrive,2021-08-15 13:54:34.103000+00:00,['Android'],2021-08-15
11,S Suggest,Used S Suggest,https://play.google.com/store/apps/details?id=com.sec.android.app.samsungapps,2021-08-15 13:53:02.953000+00:00,['Android'],2021-08-15
12,Google Play Games,Used Google Play Games,https://play.google.com/store/apps/details?id=com.google.android.play.games,2021-08-15 13:52:46.309000+00:00,['Android'],2021-08-15
13,Minecraft,Used Minecraft,https://play.google.com/store/apps/details?id=com.mojang.minecraftpe,2021-08-15 13:47:36.247000+00:00,['Android'],2021-08-15
15,Google,Used Google,https://play.google.com/store/apps/details?id=com.google.android.googlequicksearchbox,2021-08-15 13:45:22.118000+00:00,['Android'],2021-08-15
16,Google Play services,Used Google Play services,https://play.google.com/store/apps/details?id=com.google.android.gms,2021-08-15 13:44:19.169000+00:00,['Android'],2021-08-15
17,Google Play services,Used Google Play services,https://play.google.com/store/apps/details?id=com.google.android.gms,2021-08-15 09:00:01.209000+00:00,['Android'],2021-08-15
18,Google Play services,Used Google Play services,https://play.google.com/store/apps/details?id=com.google.android.gms,2021-08-15 01:32:01.647000+00:00,['Android'],2021-08-15
19,Google Play services,Used Google Play services,https://play.google.com/store/apps/details?id=com.google.android.gms,2021-08-15 00:41:39.737000+00:00,['Android'],2021-08-15
20,Google Play services,Used Google Play services,https://play.google.com/store/apps/details?id=com.google.android.gms,2021-08-14 21:43:12.957000+00:00,['Android'],2021-08-14
21,Google Play services,Used Google Play services,https://play.google.com/store/apps/details?id=com.google.android.gms,2021-08-14 21:00:55.968000+00:00,['Android'],2021-08-14
22,Samsung One UI Home,Used Samsung One UI Home,https://play.google.com/store/apps/details?id=com.sec.android.app.launcher,2021-08-14 20:56:51.236000+00:00,['Android'],2021-08-14
23,Roblox,Used Roblox,https://play.google.com/store/apps/details?id=com.roblox.client,2021-08-14 20:56:13.217000+00:00,['Android'],2021-08-14
24,Google,Used Google,https://play.google.com/store/apps/details?id=com.google.android.googlequicksearchbox,2021-08-14 20:46:13.093000+00:00,['Android'],2021-08-14
25,Google Play services,Used Google Play services,https://play.google.com/store/apps/details?id=com.google.android.gms,2021-08-14 19:31:01.657000+00:00,['Android'],2021-08-14
26,Roblox,Used Roblox,https://play.google.com/store/apps/details?id=com.roblox.client,2021-08-14 19:30:53.353000+00:00,['Android'],2021-08-14
27,Roblox,Used Roblox,https://play.google.com/store/apps/details?id=com.roblox.client,2021-08-14 18:21:41.941000+00:00,['Android'],2021-08-14
28,Samsung One UI Home,Used Samsung One UI Home,https://play.google.com/store/apps/details?id=com.sec.android.app.launcher,2021-08-14 18:02:24.078000+00:00,['Android'],2021-08-14
29,Samsung One UI Home,Used Samsung One UI Home,https://play.google.com/store/apps/details?id=com.sec.android.app.launcher,2021-08-14 16:12:51.502000+00:00,['Android'],2021-08-14
30,Minecraft,Used Minecraft,https://play.google.com/store/apps/details?id=com.mojang.minecraftpe,2021-08-14 15:42:56.462000+00:00,['Android'],2021-08-14
31,Minecraft,Used Minecraft,https://play.google.com/store/apps/details?id=com.mojang.minecraftpe,2021-08-14 14:43:23.869000+00:00,['Android'],2021-08-14
32,Samsung One UI Home,Used Samsung One UI Home,https://play.google.com/store/apps/details?id=com.sec.android.app.launcher,2021-08-14 14:38:59.331000+00:00,['Android'],2021-08-14
33,Roblox,Used Roblox,https://play.google.com/store/apps/details?id=com.roblox.client,2021-08-14 14:37:32.149000+00:00,['Android'],2021-08-14
34,Google Play services,Used Google Play services,https://play.google.com/store/apps/details?id=com.google.android.gms,2021-08-14 14:11:27.218000+00:00,['Android'],2021-08-14
35,Roblox,Used Roblox,https://play.google.com/store/apps/details?id=com.roblox.client,2021-08-14 12:43:59.105000+00:00,['Android'],2021-08-14
36,Samsung One UI Home,Used Samsung One UI Home,https://play.google.com/store/apps/details?id=com.sec.android.app.launcher,2021-08-14 12:43:19.710000+00:00,['Android'],2021-08-14
37,Google Play services,Used Google Play services,https://play.google.com/store/apps/details?id=com.google.android.gms,2021-08-14 12:43:19.415000+00:00,['Android'],2021-08-14
38,Google Play services,Used Google Play services,https://play.google.com/store/apps/details?id=com.google.android.gms,2021-08-14 11:21:06.270000+00:00,['Android'],2021-08-14
39,Google Play services,Used Google Play services,https://play.google.com/store/apps/details?id=com.google.android.gms,2021-08-14 09:00:37.869000+00:00,['Android'],2021-08-14
40,Minecraft,Used Minecraft,https://play.google.com/store/apps/details?id=com.mojang.minecraftpe,2021-08-13 23:07:57.919000+00:00,['Android'],2021-08-13
41,Minecraft,Used Minecraft,https://play.google.com/store/apps/details?id=com.mojang.minecraftpe,2021-08-13 21:58:23.843000+00:00,['Android'],2021-08-13
42,Samsung One UI Home,Used Samsung One UI Home,https://play.google.com/store/apps/details?id=com.sec.android.app.launcher,2021-08-13 21:58:17.798000+00:00,['Android'],2021-08-13
43,Roblox,Used Roblox,https://play.google.com/store/apps/details?id=com.roblox.client,2021-08-13 21:58:15.603000+00:00,['Android'],2021-08-13
44,Roblox,Used Roblox,https://play.google.com/store/apps/details?id=com.roblox.client,2021-08-13 20:49:06.308000+00:00,['Android'],2021-08-13
45,Roblox,Used Roblox,https://play.google.com/store/apps/details?id=com.roblox.client,2021-08-13 19:54:18.026000+00:00,['Android'],2021-08-13
46,Samsung One UI Home,Used Samsung One UI Home,https://play.google.com/store/apps/details?id=com.sec.android.app.launcher,2021-08-13 19:49:06.078000+00:00,['Android'],2021-08-13
47,Roblox,Used Roblox,https://play.google.com/store/apps/details?id=com.roblox.client,2021-08-13 00:27:25.057000+00:00,['Android'],2021-08-13
48,Samsung One UI Home,Used Samsung One UI Home,https://play.google.com/store/apps/details?id=com.sec.android.app.launcher,2021-08-13 00:25:23.439000+00:00,['Android'],2021-08-13
49,Roblox,Used Roblox,https://play.google.com/store/apps/details?id=com.roblox.client,2021-08-12 23:33:45.640000+00:00,['Android'],2021-08-12
50,Samsung One UI Home,Used Samsung One UI Home,https://play.google.com/store/apps/details?id=com.sec.android.app.launcher,2021-08-12 23:26:25.795000+00:00,['Android'],2021-08-12
51,Samsung One UI Home,Used Samsung One UI Home,https://play.google.com/store/apps/details?id=com.sec.android.app.launcher,2021-08-12 00:19:59.316000+00:00,['Android'],2021-08-12
52,Minecraft,Used Minecraft,https://play.google.com/store/apps/details?id=com.mojang.minecraftpe,2021-08-12 00:19:21.581000+00:00,['Android'],2021-08-12
53,Samsung One UI Home,Used Samsung One UI Home,https://play.google.com/store/apps/details?id=com.sec.android.app.launcher,2021-08-11 23:49:44.406000+00:00,['Android'],2021-08-11
54,Roblox,Used Roblox,https://play.google.com/store/apps/details?id=com.roblox.client,2021-08-11 23:47:00.244000+00:00,['Android'],2021-08-11
55,Roblox,Used Roblox,https://play.google.com/store/apps/details?id=com.roblox.client,2021-08-11 21:38:48.707000+00:00,['Android'],2021-08-11
56,Samsung One UI Home,Used Samsung One UI Home,https://play.google.com/store/apps/details?id=com.sec.android.app.launcher,2021-08-11 21:38:03.859000+00:00,['Android'],2021-08-11
57,Roblox,Used Roblox,https://play.google.com/store/apps/details?id=com.roblox.client,2021-08-11 20:39:36.726000+00:00,['Android'],2021-08-11
58,Samsung One UI Home,Used Samsung One UI Home,https://play.google.com/store/apps/details?id=com.sec.android.app.launcher,2021-08-11 20:39:35.303000+00:00,['Android'],2021-08-11
59,Roblox,Used Roblox,https://play.google.com/store/apps/details?id=com.roblox.client,2021-08-11 01:05:54.366000+00:00,['Android'],2021-08-11
60,Samsung One UI Home,Used Samsung One UI Home,https://play.google.com/store/apps/details?id=com.sec.android.app.launcher,2021-08-11 01:03:08.575000+00:00,['Android'],2021-08-11
62,Device Care,Used Device Care,https://play.google.com/store/apps/details?id=com.samsung.android.lool,2021-08-11 00:11:07.315000+00:00,['Android'],2021-08-11
63,Samsung One UI Home,Used Samsung One UI Home,https://play.google.com/store/apps/details?id=com.sec.android.app.launcher,2021-08-10 23:07:12.733000+00:00,['Android'],2021-08-10
64,Minecraft,Used Minecraft,https://play.google.com/store/apps/details?id=com.mojang.minecraftpe,2021-08-10 22:10:31.970000+00:00,['Android'],2021-08-10
65,Minecraft,Used Minecraft,https://play.google.com/store/apps/details?id=com.mojang.minecraftpe,2021-08-10 21:36:40.307000+00:00,['Android'],2021-08-10
66,Minecraft,Used Minecraft,https://play.google.com/store/apps/details?id=com.mojang.minecraftpe,2021-08-10 20:45:12.125000+00:00,['Android'],2021-08-10
67,Minecraft,Used Minecraft,https://play.google.com/store/apps/details?id=com.mojang.minecraftpe,2021-08-10 19:57:23.064000+00:00,['Android'],2021-08-10
68,Samsung One UI Home,Used Samsung One UI Home,https://play.google.com/store/apps/details?id=com.sec.android.app.launcher,2021-08-10 19:57:03.547000+00:00,['Android'],2021-08-10
69,Roblox,Used Roblox,https://play.google.com/store/apps/details?id=com.roblox.client,2021-08-10 19:57:00.239000+00:00,['Android'],2021-08-10
70,Minecraft,Used Minecraft,https://play.google.com/store/apps/details?id=com.mojang.minecraftpe,2021-08-09 23:58:26.098000+00:00,['Android'],2021-08-09
71,Samsung One UI Home,Used Samsung One UI Home,https://play.google.com/store/apps/details?id=com.sec.android.app.launcher,2021-08-09 23:57:54.231000+00:00,['Android'],2021-08-09
72,My Talking Angela 2,Used My Talking Angela 2,https://play.google.com/store/apps/details?id=com.outfit7.mytalkingangela2,2021-08-09 23:28:31.008000+00:00,['Android'],2021-08-09
73,PK XD - Explore and Play with your Friends!,Used PK XD - Explore and Play with your Friends!,https://play.google.com/store/apps/details?id=com.movile.playkids.pkxd,2021-08-09 23:18:16.855000+00:00,['Android'],2021-08-09
74,Roblox,Used Roblox,https://play.google.com/store/apps/details?id=com.roblox.client,2021-08-09 23:18:09.784000+00:00,['Android'],2021-08-09
75,Roblox,Used Roblox,https://play.google.com/store/apps/details?id=com.roblox.client,2021-08-09 21:47:58.648000+00:00,['Android'],2021-08-09
76,Samsung One UI Home,Used Samsung One UI Home,https://play.google.com/store/apps/details?id=com.sec.android.app.launcher,2021-08-09 21:38:42.250000+00:00,['Android'],2021-08-09
77,Samsung One UI Home,Used Samsung One UI Home,https://play.google.com/store/apps/details?id=com.sec.android.app.launcher,2021-08-09 19:47:30.903000+00:00,['Android'],2021-08-09
78,Minecraft,Used Minecraft,https://play.google.com/store/apps/details?id=com.mojang.minecraftpe,2021-08-08 23:45:30.523000+00:00,['Android'],2021-08-08
79,Minecraft,Used Minecraft,https://play.google.com/store/apps/details?id=com.mojang.minecraftpe,2021-08-08 22:11:00.717000+00:00,['Android'],2021-08-08
80,Samsung One UI Home,Used Samsung One UI Home,https://play.google.com/store/apps/details?id=com.sec.android.app.launcher,2021-08-08 22:10:41.641000+00:00,['Android'],2021-08-08
81,Samsung One UI Home,Used Samsung One UI Home,https://play.google.com/store/apps/details?id=com.sec.android.app.launcher,2021-08-08 20:40:50.495000+00:00,['Android'],2021-08-08
82,Google Family Link for children & teens,Used Google Family Link for children & teens,https://play.google.com/store/apps/details?id=com.google.android.apps.kids.familylinkhelper,2021-08-08 20:40:40.429000+00:00,['Android'],2021-08-08
83,Google Chrome: Fast & Secure,Used Google Chrome: Fast & Secure,https://play.google.com/store/apps/details?id=com.android.chrome,2021-08-08 20:37:18.583000+00:00,['Android'],2021-08-08
84,Minecraft,Used Minecraft,https://play.google.com/store/apps/details?id=com.mojang.minecraftpe,2021-08-08 20:07:49.881000+00:00,['Android'],2021-08-08
85,Samsung One UI Home,Used Samsung One UI Home,https://play.google.com/store/apps/details?id=com.sec.android.app.launcher,2021-08-08 20:00:57.588000+00:00,['Android'],2021-08-08
86,YouTube Kids,Used YouTube Kids,https://play.google.com/store/apps/details?id=com.google.android.apps.youtube.kids,2021-08-08 19:56:26.887000+00:00,['Android'],2021-08-08
87,PK XD - Explore and Play with your Friends!,Used PK XD - Explore and Play with your Friends!,https://play.google.com/store/apps/details?id=com.movile.playkids.pkxd,2021-08-08 19:31:44.435000+00:00,['Android'],2021-08-08
88,Google Play Store,Used Google Play Store,https://play.google.com/store/apps/details?id=com.android.vending,2021-08-08 19:24:37.136000+00:00,['Android'],2021-08-08
89,Roblox,Used Roblox,https://play.google.com/store/apps/details?id=com.roblox.client,2021-08-08 19:23:35.706000+00:00,['Android'],2021-08-08
90,Roblox,Used Roblox,https://play.google.com/store/apps/details?id=com.roblox.client,2021-08-08 18:09:53.628000+00:00,['Android'],2021-08-08
91,Roblox,Used Roblox,https://play.google.com/store/apps/details?id=com.roblox.client,2021-08-08 17:37:45.843000+00:00,['Android'],2021-08-08
92,Samsung One UI Home,Used Samsung One UI Home,https://play.google.com/store/apps/details?id=com.sec.android.app.launcher,2021-08-08 17:37:14.503000+00:00,['Android'],2021-08-08
93,PK XD - Explore and Play with your Friends!,Used PK XD - Explore and Play with your Friends!,https://play.google.com/store/apps/details?id=com.movile.playkids.pkxd,2021-08-08 17:30:30.568000+00:00,['Android'],2021-08-08
94,Google Play Store,Used Google Play Store,https://play.google.com/store/apps/details?id=com.android.vending,2021-08-08 17:30:15.810000+00:00,['Android'],2021-08-08
95,Google Play Games,Used Google Play Games,https://play.google.com/store/apps/details?id=com.google.android.play.games,2021-08-08 17:29:53.218000+00:00,['Android'],2021-08-08
97,Gmail,Used Gmail,https://play.google.com/store/apps/details?id=com.google.android.gm,2021-08-08 17:27:45.387000+00:00,['Android'],2021-08-08
98,Google Chrome: Fast & Secure,Used Google Chrome: Fast & Secure,https://play.google.com/store/apps/details?id=com.android.chrome,2021-08-08 17:24:22.022000+00:00,['Android'],2021-08-08
99,Roblox,Used Roblox,https://play.google.com/store/apps/details?id=com.roblox.client,2021-08-08 15:40:10.840000+00:00,['Android'],2021-08-08
100,Samsung One UI Home,Used Samsung One UI Home,https://play.google.com/store/apps/details?id=com.sec.android.app.launcher,2021-08-08 15:40:08.370000+00:00,['Android'],2021-08-08
101,Roblox,Used Roblox,https://play.google.com/store/apps/details?id=com.roblox.client,2021-08-08 15:02:42.975000+00:00,['Android'],2021-08-08
102,Samsung One UI Home,Used Samsung One UI Home,https://play.google.com/store/apps/details?id=com.sec.android.app.launcher,2021-08-08 13:56:06.589000+00:00,['Android'],2021-08-08
103,My Talking Angela 2,Used My Talking Angela 2,https://play.google.com/store/apps/details?id=com.outfit7.mytalkingangela2,2021-08-08 13:52:36.856000+00:00,['Android'],2021-08-08
104,Minecraft,Used Minecraft,https://play.google.com/store/apps/details?id=com.mojang.minecraftpe,2021-08-08 00:19:26.763000+00:00,['Android'],2021-08-08
105,Samsung One UI Home,Used Samsung One UI Home,https://play.google.com/store/apps/details?id=com.sec.android.app.launcher,2021-08-08 00:19:19.155000+00:00,['Android'],2021-08-08
106,Google Chrome: Fast & Secure,Used Google Chrome: Fast & Secure,https://play.google.com/store/apps/details?id=com.android.chrome,2021-08-08 00:19:07.037000+00:00,['Android'],2021-08-08
107,YouTube Kids,Used YouTube Kids,https://play.google.com/store/apps/details?id=com.google.android.apps.youtube.kids,2021-08-07 22:20:16.695000+00:00,['Android'],2021-08-07
108,Roblox,Used Roblox,https://play.google.com/store/apps/details?id=com.roblox.client,2021-08-07 22:12:45.912000+00:00,['Android'],2021-08-07
109,Samsung One UI Home,Used Samsung One UI Home,https://play.google.com/store/apps/details?id=com.sec.android.app.launcher,2021-08-07 22:12:43.275000+00:00,['Android'],2021-08-07
110,Roblox,Used Roblox,https://play.google.com/store/apps/details?id=com.roblox.client,2021-08-07 21:18:41.695000+00:00,['Android'],2021-08-07
111,Samsung One UI Home,Used Samsung One UI Home,https://play.google.com/store/apps/details?id=com.sec.android.app.launcher,2021-08-07 21:16:33.687000+00:00,['Android'],2021-08-07
112,Samsung One UI Home,Used Samsung One UI Home,https://play.google.com/store/apps/details?id=com.sec.android.app.launcher,2021-08-07 15:21:52.879000+00:00,['Android'],2021-08-07
113,Roblox,Used Roblox,https://play.google.com/store/apps/details?id=com.roblox.client,2021-08-07 14:51:42.901000+00:00,['Android'],2021-08-07
114,Samsung One UI Home,Used Samsung One UI Home,https://play.google.com/store/apps/details?id=com.sec.android.app.launcher,2021-08-07 13:33:38.575000+00:00,['Android'],2021-08-07
115,Samsung One UI Home,Used Samsung One UI Home,https://play.google.com/store/apps/details?id=com.sec.android.app.launcher,2021-08-07 12:35:33.300000+00:00,['Android'],2021-08-07
117,YouTube Kids,Used YouTube Kids,https://play.google.com/store/apps/details?id=com.google.android.apps.youtube.kids,2021-08-06 23:35:23.718000+00:00,['Android'],2021-08-06
118,Samsung One UI Home,Used Samsung One UI Home,https://play.google.com/store/apps/details?id=com.sec.android.app.launcher,2021-08-06 23:35:06.119000+00:00,['Android'],2021-08-06
119,My Talking Angela 2,Used My Talking Angela 2,https://play.google.com/store/apps/details?id=com.outfit7.mytalkingangela2,2021-08-06 23:32:27.764000+00:00,['Android'],2021-08-06
120,Roblox,Used Roblox,https://play.google.com/store/apps/details?id=com.roblox.client,2021-08-06 23:25:21.693000+00:00,['Android'],2021-08-06
121,Samsung One UI Home,Used Samsung One UI Home,https://play.google.com/store/apps/details?id=com.sec.android.app.launcher,2021-08-06 22:53:41.031000+00:00,['Android'],2021-08-06
122,Roblox,Used Roblox,https://play.google.com/store/apps/details?id=com.roblox.client,2021-08-06 21:55:47.383000+00:00,['Android'],2021-08-06
123,Roblox,Used Roblox,https://play.google.com/store/apps/details?id=com.roblox.client,2021-08-06 20:55:44.757000+00:00,['Android'],2021-08-06
124,Roblox,Used Roblox,https://play.google.com/store/apps/details?id=com.roblox.client,2021-08-06 19:57:11.034000+00:00,['Android'],2021-08-06
125,Samsung One UI Home,Used Samsung One UI Home,https://play.google.com/store/apps/details?id=com.sec.android.app.launcher,2021-08-06 19:54:26.869000+00:00,['Android'],2021-08-06
126,Roblox,Used Roblox,https://play.google.com/store/apps/details?id=com.roblox.client,2021-08-06 00:51:18.582000+00:00,['Android'],2021-08-06
127,Samsung One UI Home,Used Samsung One UI Home,https://play.google.com/store/apps/details?id=com.sec.android.app.launcher,2021-08-06 00:50:46.693000+00:00,['Android'],2021-08-06
128,Samsung One UI Home,Used Samsung One UI Home,https://play.google.com/store/apps/details?id=com.sec.android.app.launcher,2021-08-06 00:16:30.403000+00:00,['Android'],2021-08-06
129,Roblox,Used Roblox,https://play.google.com/store/apps/details?id=com.roblox.client,2021-08-05 22:26:55.247000+00:00,['Android'],2021-08-05
130,Roblox,Used Roblox,https://play.google.com/store/apps/details?id=com.roblox.client,2021-08-05 21:51:28.115000+00:00,['Android'],2021-08-05
131,Samsung One UI Home,Used Samsung One UI Home,https://play.google.com/store/apps/details?id=com.sec.android.app.launcher,2021-08-05 21:42:56.361000+00:00,['Android'],2021-08-05
132,YouTube Kids,Used YouTube Kids,https://play.google.com/store/apps/details?id=com.google.android.apps.youtube.kids,2021-08-05 19:56:04.826000+00:00,['Android'],2021-08-05
133,Samsung One UI Home,Used Samsung One UI Home,https://play.google.com/store/apps/details?id=com.sec.android.app.launcher,2021-08-05 19:56:04.411000+00:00,['Android'],2021-08-05
134,Roblox,Used Roblox,https://play.google.com/store/apps/details?id=com.roblox.client,2021-08-05 00:53:03.589000+00:00,['Android'],2021-08-05
135,Samsung One UI Home,Used Samsung One UI Home,https://play.google.com/store/apps/details?id=com.sec.android.app.launcher,2021-08-05 00:08:53.839000+00:00,['Android'],2021-08-05
136,Roblox,Used Roblox,https://play.google.com/store/apps/details?id=com.roblox.client,2021-08-05 00:08:52.392000+00:00,['Android'],2021-08-05
137,My Talking Angela 2,Used My Talking Angela 2,https://play.google.com/store/apps/details?id=com.outfit7.mytalkingangela2,2021-08-04 23:55:51.251000+00:00,['Android'],2021-08-04
138,Google Play Store,Used Google Play Store,https://play.google.com/store/apps/details?id=com.android.vending,2021-08-04 23:35:44.885000+00:00,['Android'],2021-08-04
139,Minecraft,Used Minecraft,https://play.google.com/store/apps/details?id=com.mojang.minecraftpe,2021-08-04 23:29:11.583000+00:00,['Android'],2021-08-04
140,Google Chrome: Fast & Secure,Used Google Chrome: Fast & Secure,https://play.google.com/store/apps/details?id=com.android.chrome,2021-08-04 23:27:30.436000+00:00,['Android'],2021-08-04
141,Roblox,Used Roblox,https://play.google.com/store/apps/details?id=com.roblox.client,2021-08-04 21:30:25.714000+00:00,['Android'],2021-08-04
142,Samsung One UI Home,Used Samsung One UI Home,https://play.google.com/store/apps/details?id=com.sec.android.app.launcher,2021-08-04 21:21:05.619000+00:00,['Android'],2021-08-04
143,Samsung One UI Home,Used Samsung One UI Home,https://play.google.com/store/apps/details?id=com.sec.android.app.launcher,2021-08-04 20:47:47.707000+00:00,['Android'],2021-08-04
144,Google Chrome: Fast & Secure,Used Google Chrome: Fast & Secure,https://play.google.com/store/apps/details?id=com.android.chrome,2021-08-04 20:44:32.997000+00:00,['Android'],2021-08-04
145,Google,Used Google,https://play.google.com/store/apps/details?id=com.google.android.googlequicksearchbox,2021-08-04 20:44:07.970000+00:00,['Android'],2021-08-04
146,Roblox,Used Roblox,https://play.google.com/store/apps/details?id=com.roblox.client,2021-08-04 20:10:04.846000+00:00,['Android'],2021-08-04
147,My Talking Angela 2,Used My Talking Angela 2,https://play.google.com/store/apps/details?id=com.outfit7.mytalkingangela2,2021-08-04 00:59:36.551000+00:00,['Android'],2021-08-04
148,Roblox,Used Roblox,https://play.google.com/store/apps/details?id=com.roblox.client,2021-08-04 00:36:06.572000+00:00,['Android'],2021-08-04
149,Samsung One UI Home,Used Samsung One UI Home,https://play.google.com/store/apps/details?id=com.sec.android.app.launcher,2021-08-04 00:36:03.871000+00:00,['Android'],2021-08-04
150,Samsung One UI Home,Used Samsung One UI Home,https://play.google.com/store/apps/details?id=com.sec.android.app.launcher,2021-08-03 23:58:52.312000+00:00,['Android'],2021-08-03
151,Roblox,Used Roblox,https://play.google.com/store/apps/details?id=com.roblox.client,2021-08-03 23:06:20.199000+00:00,['Android'],2021-08-03
152,Roblox,Used Roblox,https://play.google.com/store/apps/details?id=com.roblox.client,2021-08-03 22:09:17.704000+00:00,['Android'],2021-08-03
153,Samsung One UI Home,Used Samsung One UI Home,https://play.google.com/store/apps/details?id=com.sec.android.app.launcher,2021-08-03 21:49:06.057000+00:00,['Android'],2021-08-03
154,Roblox,Used Roblox,https://play.google.com/store/apps/details?id=com.roblox.client,2021-08-03 20:23:54.291000+00:00,['Android'],2021-08-03
155,Samsung One UI Home,Used Samsung One UI Home,https://play.google.com/store/apps/details?id=com.sec.android.app.launcher,2021-08-03 20:23:52.957000+00:00,['Android'],2021-08-03
156,Roblox,Used Roblox,https://play.google.com/store/apps/details?id=com.roblox.client,2021-08-03 19:53:06.375000+00:00,['Android'],2021-08-03
157,Samsung One UI Home,Used Samsung One UI Home,https://play.google.com/store/apps/details?id=com.sec.android.app.launcher,2021-08-03 19:52:17.051000+00:00,['Android'],2021-08-03
158,YouTube Kids,Used YouTube Kids,https://play.google.com/store/apps/details?id=com.google.android.apps.youtube.kids,2021-08-02 23:43:06.383000+00:00,['Android'],2021-08-02
159,Samsung One UI Home,Used Samsung One UI Home,https://play.google.com/store/apps/details?id=com.sec.android.app.launcher,2021-08-02 23:42:49.508000+00:00,['Android'],2021-08-02
160,Google Play Store,Used Google Play Store,https://play.google.com/store/apps/details?id=com.android.vending,2021-08-02 23:42:09.812000+00:00,['Android'],2021-08-02
162,My Talking Angela 2,Used My Talking Angela 2,https://play.google.com/store/apps/details?id=com.outfit7.mytalkingangela2,2021-08-02 23:40:27.682000+00:00,['Android'],2021-08-02
164,Roblox,Used Roblox,https://play.google.com/store/apps/details?id=com.roblox.client,2021-08-02 23:18:40.321000+00:00,['Android'],2021-08-02
165,Roblox,Used Roblox,https://play.google.com/store/apps/details?id=com.roblox.client,2021-08-02 21:52:36.303000+00:00,['Android'],2021-08-02
166,Roblox,Used Roblox,https://play.google.com/store/apps/details?id=com.roblox.client,2021-08-02 19:48:50.651000+00:00,['Android'],2021-08-02
167,Samsung One UI Home,Used Samsung One UI Home,https://play.google.com/store/apps/details?id=com.sec.android.app.launcher,2021-08-02 19:48:29.207000+00:00,['Android'],2021-08-02
168,YouTube Kids,Used YouTube Kids,https://play.google.com/store/apps/details?id=com.google.android.apps.youtube.kids,2021-08-01 23:04:52.934000+00:00,['Android'],2021-08-01
169,Samsung One UI Home,Used Samsung One UI Home,https://play.google.com/store/apps/details?id=com.sec.android.app.launcher,2021-08-01 22:56:55.178000+00:00,['Android'],2021-08-01
170,My Talking Angela 2,Used My Talking Angela 2,https://play.google.com/store/apps/details?id=com.outfit7.mytalkingangela2,2021-08-01 22:54:30.255000+00:00,['Android'],2021-08-01
171,Google Play Store,Used Google Play Store,https://play.google.com/store/apps/details?id=com.android.vending,2021-08-01 22:54:24.980000+00:00,['Android'],2021-08-01
172,Google Play Store,Used Google Play Store,https://play.google.com/store/apps/details?id=com.android.vending,2021-08-01 21:54:40.590000+00:00,['Android'],2021-08-01
173,Samsung One UI Home,Used Samsung One UI Home,https://play.google.com/store/apps/details?id=com.sec.android.app.launcher,2021-08-01 21:40:56.468000+00:00,['Android'],2021-08-01
174,Roblox,Used Roblox,https://play.google.com/store/apps/details?id=com.roblox.client,2021-08-01 20:36:09.254000+00:00,['Android'],2021-08-01
175,Samsung One UI Home,Used Samsung One UI Home,https://play.google.com/store/apps/details?id=com.sec.android.app.launcher,2021-08-01 20:36:06.579000+00:00,['Android'],2021-08-01
176,Roblox,Used Roblox,https://play.google.com/store/apps/details?id=com.roblox.client,2021-08-01 19:10:13.242000+00:00,['Android'],2021-08-01
177,Samsung One UI Home,Used Samsung One UI Home,https://play.google.com/store/apps/details?id=com.sec.android.app.launcher,2021-08-01 19:09:36.450000+00:00,['Android'],2021-08-01
178,Samsung One UI Home,Used Samsung One UI Home,https://play.google.com/store/apps/details?id=com.sec.android.app.launcher,2021-08-01 15:06:40.740000+00:00,['Android'],2021-08-01
179,Roblox,Used Roblox,https://play.google.com/store/apps/details?id=com.roblox.client,2021-08-01 15:06:40.189000+00:00,['Android'],2021-08-01
180,Roblox,Used Roblox,https://play.google.com/store/apps/details?id=com.roblox.client,2021-08-01 14:02:57.698000+00:00,['Android'],2021-08-01
181,Roblox,Used Roblox,https://play.google.com/store/apps/details?id=com.roblox.client,2021-08-01 13:19:42.963000+00:00,['Android'],2021-08-01
182,Samsung One UI Home,Used Samsung One UI Home,https://play.google.com/store/apps/details?id=com.sec.android.app.launcher,2021-08-01 13:01:53.583000+00:00,['Android'],2021-08-01
183,My Talking Angela 2,Used My Talking Angela 2,https://play.google.com/store/apps/details?id=com.outfit7.mytalkingangela2,2021-08-01 00:57:29.127000+00:00,['Android'],2021-08-01
184,Samsung One UI Home,Used Samsung One UI Home,https://play.google.com/store/apps/details?id=com.sec.android.app.launcher,2021-08-01 00:50:55.019000+00:00,['Android'],2021-08-01
185,Roblox,Used Roblox,https://play.google.com/store/apps/details?id=com.roblox.client,2021-08-01 00:45:58.492000+00:00,['Android'],2021-08-01
186,Roblox,Used Roblox,https://play.google.com/store/apps/details?id=com.roblox.client,2021-07-31 23:40:15.732000+00:00,['Android'],2021-07-31
187,Samsung One UI Home,Used Samsung One UI Home,https://play.google.com/store/apps/details?id=com.sec.android.app.launcher,2021-07-31 23:39:49.513000+00:00,['Android'],2021-07-31
188,Samsung One UI Home,Used Samsung One UI Home,https://play.google.com/store/apps/details?id=com.sec.android.app.launcher,2021-07-31 14:56:52.182000+00:00,['Android'],2021-07-31
189,Roblox,Used Roblox,https://play.google.com/store/apps/details?id=com.roblox.client,2021-07-31 14:56:47.445000+00:00,['Android'],2021-07-31
190,Roblox,Used Roblox,https://play.google.com/store/apps/details?id=com.roblox.client,2021-07-31 14:06:51.316000+00:00,['Android'],2021-07-31
191,Samsung One UI Home,Used Samsung One UI Home,https://play.google.com/store/apps/details?id=com.sec.android.app.launcher,2021-07-31 14:06:44.169000+00:00,['Android'],2021-07-31
192,Roblox,Used Roblox,https://play.google.com/store/apps/details?id=com.roblox.client,2021-07-31 12:50:03.834000+00:00,['Android'],2021-07-31
193,Samsung One UI Home,Used Samsung One UI Home,https://play.google.com/store/apps/details?id=com.sec.android.app.launcher,2021-07-31 12:37:29.841000+00:00,['Android'],2021-07-31
194,Minecraft,Used Minecraft,https://play.google.com/store/apps/details?id=com.mojang.minecraftpe,2021-07-31 12:37:00.159000+00:00,['Android'],2021-07-31
195,Roblox,Used Roblox,https://play.google.com/store/apps/details?id=com.roblox.client,2021-07-30 23:42:19.407000+00:00,['Android'],2021-07-30
196,Roblox,Used Roblox,https://play.google.com/store/apps/details?id=com.roblox.client,2021-07-30 22:57:45.717000+00:00,['Android'],2021-07-30
197,Samsung One UI Home,Used Samsung One UI Home,https://play.google.com/store/apps/details?id=com.sec.android.app.launcher,2021-07-30 22:57:23.346000+00:00,['Android'],2021-07-30
198,YouTube Kids,Used YouTube Kids,https://play.google.com/store/apps/details?id=com.google.android.apps.youtube.kids,2021-07-30 22:54:02.574000+00:00,['Android'],2021-07-30
199,Samsung One UI Home,Used Samsung One UI Home,https://play.google.com/store/apps/details?id=com.sec.android.app.launcher,2021-07-30 22:20:00.301000+00:00,['Android'],2021-07-30
200,My Talking Angela 2,Used My Talking Angela 2,https://play.google.com/store/apps/details?id=com.outfit7.mytalkingangela2,2021-07-30 22:19:27.798000+00:00,['Android'],2021-07-30
201,Roblox,Used Roblox,https://play.google.com/store/apps/details?id=com.roblox.client,2021-07-30 22:15:29.623000+00:00,['Android'],2021-07-30
202,Roblox,Used Roblox,https://play.google.com/store/apps/details?id=com.roblox.client,2021-07-30 15:42:25.141000+00:00,['Android'],2021-07-30
203,Roblox,Used Roblox,https://play.google.com/store/apps/details?id=com.roblox.client,2021-07-30 14:51:09.755000+00:00,['Android'],2021-07-30
204,Samsung One UI Home,Used Samsung One UI Home,https://play.google.com/store/apps/details?id=com.sec.android.app.launcher,2021-07-30 14:42:03.270000+00:00,['Android'],2021-07-30
205,My Talking Angela 2,Used My Talking Angela 2,https://play.google.com/store/apps/details?id=com.outfit7.mytalkingangela2,2021-07-30 14:42:00.975000+00:00,['Android'],2021-07-30
206,Roblox,Used Roblox,https://play.google.com/store/apps/details?id=com.roblox.client,2021-07-30 14:12:01.345000+00:00,['Android'],2021-07-30
207,Disney+,Used Disney+,https://play.google.com/store/apps/details?id=com.disney.disneyplus,2021-07-30 14:04:12.736000+00:00,['Android'],2021-07-30
208,My Talking Angela 2,Used My Talking Angela 2,https://play.google.com/store/apps/details?id=com.outfit7.mytalkingangela2,2021-07-30 13:33:47.237000+00:00,['Android'],2021-07-30
209,YouTube Kids,Used YouTube Kids,https://play.google.com/store/apps/details?id=com.google.android.apps.youtube.kids,2021-07-29 21:59:06.918000+00:00,['Android'],2021-07-29
210,Samsung One UI Home,Used Samsung One UI Home,https://play.google.com/store/apps/details?id=com.sec.android.app.launcher,2021-07-29 21:35:26.857000+00:00,['Android'],2021-07-29
211,My Talking Angela 2,Used My Talking Angela 2,https://play.google.com/store/apps/details?id=com.outfit7.mytalkingangela2,2021-07-29 21:34:50.617000+00:00,['Android'],2021-07-29
212,Roblox,Used Roblox,https://play.google.com/store/apps/details?id=com.roblox.client,2021-07-29 20:59:05.638000+00:00,['Android'],2021-07-29
213,Roblox,Used Roblox,https://play.google.com/store/apps/details?id=com.roblox.client,2021-07-29 20:08:36.447000+00:00,['Android'],2021-07-29
214,Samsung One UI Home,Used Samsung One UI Home,https://play.google.com/store/apps/details?id=com.sec.android.app.launcher,2021-07-29 20:07:40.403000+00:00,['Android'],2021-07-29
215,Roblox,Used Roblox,https://play.google.com/store/apps/details?id=com.roblox.client,2021-07-29 16:02:06.539000+00:00,['Android'],2021-07-29
216,Samsung One UI Home,Used Samsung One UI Home,https://play.google.com/store/apps/details?id=com.sec.android.app.launcher,2021-07-29 15:44:43.494000+00:00,['Android'],2021-07-29
217,Samsung One UI Home,Used Samsung One UI Home,https://play.google.com/store/apps/details?id=com.sec.android.app.launcher,2021-07-29 14:50:51.404000+00:00,['Android'],2021-07-29
218,Roblox,Used Roblox,https://play.google.com/store/apps/details?id=com.roblox.client,2021-07-29 13:38:27.770000+00:00,['Android'],2021-07-29
219,Minecraft,Used Minecraft,https://play.google.com/store/apps/details?id=com.mojang.minecraftpe,2021-07-29 13:19:52.182000+00:00,['Android'],2021-07-29
220,Duolingo: Learn Languages Free,Used Duolingo: Learn Languages Free,https://play.google.com/store/apps/details?id=com.duolingo,2021-07-29 13:18:21.914000+00:00,['Android'],2021-07-29
221,Samsung One UI Home,Used Samsung One UI Home,https://play.google.com/store/apps/details?id=com.sec.android.app.launcher,2021-07-29 13:18:19.853000+00:00,['Android'],2021-07-29
222,YouTube Kids,Used YouTube Kids,https://play.google.com/store/apps/details?id=com.google.android.apps.youtube.kids,2021-07-28 23:26:10.222000+00:00,['Android'],2021-07-28
223,YouTube Kids,Used YouTube Kids,https://play.google.com/store/apps/details?id=com.google.android.apps.youtube.kids,2021-07-28 22:40:31.916000+00:00,['Android'],2021-07-28
224,Minecraft,Used Minecraft,https://play.google.com/store/apps/details?id=com.mojang.minecraftpe,2021-07-28 22:13:12.837000+00:00,['Android'],2021-07-28
225,Samsung One UI Home,Used Samsung One UI Home,https://play.google.com/store/apps/details?id=com.sec.android.app.launcher,2021-07-28 22:13:12.731000+00:00,['Android'],2021-07-28
226,Samsung One UI Home,Used Samsung One UI Home,https://play.google.com/store/apps/details?id=com.sec.android.app.launcher,2021-07-28 21:30:09.370000+00:00,['Android'],2021-07-28
227,Samsung One UI Home,Used Samsung One UI Home,https://play.google.com/store/apps/details?id=com.sec.android.app.launcher,2021-07-28 20:43:03.494000+00:00,['Android'],2021-07-28
228,My Talking Angela 2,Used My Talking Angela 2,https://play.google.com/store/apps/details?id=com.outfit7.mytalkingangela2,2021-07-28 20:31:12.434000+00:00,['Android'],2021-07-28
229,Roblox,Used Roblox,https://play.google.com/store/apps/details?id=com.roblox.client,2021-07-28 20:15:19.699000+00:00,['Android'],2021-07-28
230,Roblox,Used Roblox,https://play.google.com/store/apps/details?id=com.roblox.client,2021-07-28 18:53:09.447000+00:00,['Android'],2021-07-28
231,Roblox,Used Roblox,https://play.google.com/store/apps/details?id=com.roblox.client,2021-07-28 17:26:10.203000+00:00,['Android'],2021-07-28
232,Samsung One UI Home,Used Samsung One UI Home,https://play.google.com/store/apps/details?id=com.sec.android.app.launcher,2021-07-28 17:24:41.869000+00:00,['Android'],2021-07-28
234,Samsung One UI Home,Used Samsung One UI Home,https://play.google.com/store/apps/details?id=com.sec.android.app.launcher,2021-07-28 13:38:31.121000+00:00,['Android'],2021-07-28
235,Roblox,Used Roblox,https://play.google.com/store/apps/details?id=com.roblox.client,2021-07-28 13:38:30.852000+00:00,['Android'],2021-07-28
236,Roblox,Used Roblox,https://play.google.com/store/apps/details?id=com.roblox.client,2021-07-28 13:03:16.379000+00:00,['Android'],2021-07-28
237,Samsung One UI Home,Used Samsung One UI Home,https://play.google.com/store/apps/details?id=com.sec.android.app.launcher,2021-07-28 13:02:49.767000+00:00,['Android'],2021-07-28
238,My Talking Angela 2,Used My Talking Angela 2,https://play.google.com/store/apps/details?id=com.outfit7.mytalkingangela2,2021-07-27 23:11:18.245000+00:00,['Android'],2021-07-27
239,Roblox,Used Roblox,https://play.google.com/store/apps/details?id=com.roblox.client,2021-07-27 22:51:51.918000+00:00,['Android'],2021-07-27
240,Samsung One UI Home,Used Samsung One UI Home,https://play.google.com/store/apps/details?id=com.sec.android.app.launcher,2021-07-27 22:51:49.662000+00:00,['Android'],2021-07-27
241,Roblox,Used Roblox,https://play.google.com/store/apps/details?id=com.roblox.client,2021-07-27 22:06:52.274000+00:00,['Android'],2021-07-27
242,Device Care,Used Device Care,https://play.google.com/store/apps/details?id=com.samsung.android.lool,2021-07-27 22:05:48.259000+00:00,['Android'],2021-07-27
243,Samsung One UI Home,Used Samsung One UI Home,https://play.google.com/store/apps/details?id=com.sec.android.app.launcher,2021-07-27 21:50:17.317000+00:00,['Android'],2021-07-27
244,My Talking Angela 2,Used My Talking Angela 2,https://play.google.com/store/apps/details?id=com.outfit7.mytalkingangela2,2021-07-27 21:50:08.201000+00:00,['Android'],2021-07-27
245,Samsung Gallery,Used Samsung Gallery,https://play.google.com/store/apps/details?id=com.sec.android.gallery3d,2021-07-27 21:20:03.036000+00:00,['Android'],2021-07-27
246,Samsung One UI Home,Used Samsung One UI Home,https://play.google.com/store/apps/details?id=com.sec.android.app.launcher,2021-07-27 21:20:00.927000+00:00,['Android'],2021-07-27
247,Samsung One UI Home,Used Samsung One UI Home,https://play.google.com/store/apps/details?id=com.sec.android.app.launcher,2021-07-27 16:45:50.722000+00:00,['Android'],2021-07-27
248,Roblox,Used Roblox,https://play.google.com/store/apps/details?id=com.roblox.client,2021-07-27 16:35:23.140000+00:00,['Android'],2021-07-27
249,Samsung One UI Home,Used Samsung One UI Home,https://play.google.com/store/apps/details?id=com.sec.android.app.launcher,2021-07-27 15:50:51.474000+00:00,['Android'],2021-07-27
250,Roblox,Used Roblox,https://play.google.com/store/apps/details?id=com.roblox.client,2021-07-27 15:20:01.207000+00:00,['Android'],2021-07-27
251,Roblox,Used Roblox,https://play.google.com/store/apps/details?id=com.roblox.client,2021-07-27 14:19:59.976000+00:00,['Android'],2021-07-27
252,Samsung One UI Home,Used Samsung One UI Home,https://play.google.com/store/apps/details?id=com.sec.android.app.launcher,2021-07-27 14:00:03.713000+00:00,['Android'],2021-07-27
253,Minecraft,Used Minecraft,https://play.google.com/store/apps/details?id=com.mojang.minecraftpe,2021-07-27 13:20:22.860000+00:00,['Android'],2021-07-27
254,Samsung One UI Home,Used Samsung One UI Home,https://play.google.com/store/apps/details?id=com.sec.android.app.launcher,2021-07-27 13:20:10.845000+00:00,['Android'],2021-07-27
255,Disney+,Used Disney+,https://play.google.com/store/apps/details?id=com.disney.disneyplus,2021-07-27 13:20:08.743000+00:00,['Android'],2021-07-27
256,My Talking Angela 2,Used My Talking Angela 2,https://play.google.com/store/apps/details?id=com.outfit7.mytalkingangela2,2021-07-26 23:20:58.359000+00:00,['Android'],2021-07-26
257,Samsung One UI Home,Used Samsung One UI Home,https://play.google.com/store/apps/details?id=com.sec.android.app.launcher,2021-07-26 23:15:28.746000+00:00,['Android'],2021-07-26
258,Google Play Store,Used Google Play Store,https://play.google.com/store/apps/details?id=com.android.vending,2021-07-26 23:15:21.965000+00:00,['Android'],2021-07-26
259,Roblox,Used Roblox,https://play.google.com/store/apps/details?id=com.roblox.client,2021-07-26 22:54:44.315000+00:00,['Android'],2021-07-26
260,Roblox,Used Roblox,https://play.google.com/store/apps/details?id=com.roblox.client,2021-07-26 21:56:52.647000+00:00,['Android'],2021-07-26
261,Samsung One UI Home,Used Samsung One UI Home,https://play.google.com/store/apps/details?id=com.sec.android.app.launcher,2021-07-26 21:56:45.819000+00:00,['Android'],2021-07-26
262,Samsung One UI Home,Used Samsung One UI Home,https://play.google.com/store/apps/details?id=com.sec.android.app.launcher,2021-07-26 20:14:17.066000+00:00,['Android'],2021-07-26
263,Samsung One UI Home,Used Samsung One UI Home,https://play.google.com/store/apps/details?id=com.sec.android.app.launcher,2021-07-26 18:58:36.575000+00:00,['Android'],2021-07-26
264,Roblox,Used Roblox,https://play.google.com/store/apps/details?id=com.roblox.client,2021-07-26 18:58:15.933000+00:00,['Android'],2021-07-26
265,Roblox,Used Roblox,https://play.google.com/store/apps/details?id=com.roblox.client,2021-07-26 17:19:44.903000+00:00,['Android'],2021-07-26
266,Samsung One UI Home,Used Samsung One UI Home,https://play.google.com/store/apps/details?id=com.sec.android.app.launcher,2021-07-26 17:19:29.112000+00:00,['Android'],2021-07-26
267,Roblox,Used Roblox,https://play.google.com/store/apps/details?id=com.roblox.client,2021-07-26 14:31:18.047000+00:00,['Android'],2021-07-26
268,Samsung One UI Home,Used Samsung One UI Home,https://play.google.com/store/apps/details?id=com.sec.android.app.launcher,2021-07-26 14:31:15.562000+00:00,['Android'],2021-07-26
269,My Talking Angela 2,Used My Talking Angela 2,https://play.google.com/store/apps/details?id=com.outfit7.mytalkingangela2,2021-07-26 14:06:07.078000+00:00,['Android'],2021-07-26
271,Google Chrome: Fast & Secure,Used Google Chrome: Fast & Secure,https://play.google.com/store/apps/details?id=com.android.chrome,2021-07-26 14:04:10.938000+00:00,['Android'],2021-07-26
272,Samsung One UI Home,Used Samsung One UI Home,https://play.google.com/store/apps/details?id=com.sec.android.app.launcher,2021-07-26 13:03:11.972000+00:00,['Android'],2021-07-26
273,Roblox,Used Roblox,https://play.google.com/store/apps/details?id=com.roblox.client,2021-07-25 19:02:16.626000+00:00,['Android'],2021-07-25
274,Samsung One UI Home,Used Samsung One UI Home,https://play.google.com/store/apps/details?id=com.sec.android.app.launcher,2021-07-25 19:02:04.250000+00:00,['Android'],2021-07-25
275,My Talking Angela 2,Used My Talking Angela 2,https://play.google.com/store/apps/details?id=com.outfit7.mytalkingangela2,2021-07-25 19:02:02.995000+00:00,['Android'],2021-07-25
276,Permissions Controller,Used Permissions Controller,https://play.google.com/store/apps/details?id=com.google.android.permissioncontroller,2021-07-25 18:46:16.930000+00:00,['Android'],2021-07-25
277,YouTube Kids,Used YouTube Kids,https://play.google.com/store/apps/details?id=com.google.android.apps.youtube.kids,2021-07-25 18:40:21.892000+00:00,['Android'],2021-07-25
278,Google Play Store,Used Google Play Store,https://play.google.com/store/apps/details?id=com.android.vending,2021-07-25 18:39:17.220000+00:00,['Android'],2021-07-25
279,Samsung One UI Home,Used Samsung One UI Home,https://play.google.com/store/apps/details?id=com.sec.android.app.launcher,2021-07-25 17:37:28.955000+00:00,['Android'],2021-07-25
280,YouTube Kids,Used YouTube Kids,https://play.google.com/store/apps/details?id=com.google.android.apps.youtube.kids,2021-07-25 17:16:08.364000+00:00,['Android'],2021-07-25
281,Roblox,Used Roblox,https://play.google.com/store/apps/details?id=com.roblox.client,2021-07-25 16:03:01.050000+00:00,['Android'],2021-07-25
282,Roblox,Used Roblox,https://play.google.com/store/apps/details?id=com.roblox.client,2021-07-25 15:02:00.176000+00:00,['Android'],2021-07-25
283,Roblox,Used Roblox,https://play.google.com/store/apps/details?id=com.roblox.client,2021-07-25 14:01:59.160000+00:00,['Android'],2021-07-25
284,Samsung One UI Home,Used Samsung One UI Home,https://play.google.com/store/apps/details?id=com.sec.android.app.launcher,2021-07-25 13:48:56.982000+00:00,['Android'],2021-07-25
285,Roblox,Used Roblox,https://play.google.com/store/apps/details?id=com.roblox.client,2021-07-25 13:11:43.183000+00:00,['Android'],2021-07-25
286,Samsung One UI Home,Used Samsung One UI Home,https://play.google.com/store/apps/details?id=com.sec.android.app.launcher,2021-07-25 13:10:58.213000+00:00,['Android'],2021-07-25
287,Disney+,Used Disney+,https://play.google.com/store/apps/details?id=com.disney.disneyplus,2021-07-25 00:10:24.984000+00:00,['Android'],2021-07-25
288,Samsung One UI Home,Used Samsung One UI Home,https://play.google.com/store/apps/details?id=com.sec.android.app.launcher,2021-07-25 00:09:51.501000+00:00,['Android'],2021-07-25
289,Brawl Stars,Used Brawl Stars,https://play.google.com/store/apps/details?id=com.supercell.brawlstars,2021-07-25 00:09:31.259000+00:00,['Android'],2021-07-25
290,Minecraft,Used Minecraft,https://play.google.com/store/apps/details?id=com.mojang.minecraftpe,2021-07-24 23:55:59.518000+00:00,['Android'],2021-07-24
291,YouTube Kids,Used YouTube Kids,https://play.google.com/store/apps/details?id=com.google.android.apps.youtube.kids,2021-07-24 23:43:47.318000+00:00,['Android'],2021-07-24
292,Samsung One UI Home,Used Samsung One UI Home,https://play.google.com/store/apps/details?id=com.sec.android.app.launcher,2021-07-24 22:59:58.450000+00:00,['Android'],2021-07-24
293,Minecraft,Used Minecraft,https://play.google.com/store/apps/details?id=com.mojang.minecraftpe,2021-07-24 22:27:51.235000+00:00,['Android'],2021-07-24
294,Samsung One UI Home,Used Samsung One UI Home,https://play.google.com/store/apps/details?id=com.sec.android.app.launcher,2021-07-24 22:27:45.904000+00:00,['Android'],2021-07-24
295,Samsung One UI Home,Used Samsung One UI Home,https://play.google.com/store/apps/details?id=com.sec.android.app.launcher,2021-07-24 20:21:48.822000+00:00,['Android'],2021-07-24
296,Minecraft,Used Minecraft,https://play.google.com/store/apps/details?id=com.mojang.minecraftpe,2021-07-24 19:46:52.365000+00:00,['Android'],2021-07-24
297,Samsung One UI Home,Used Samsung One UI Home,https://play.google.com/store/apps/details?id=com.sec.android.app.launcher,2021-07-24 19:46:44.311000+00:00,['Android'],2021-07-24
298,Google,Used Google,https://play.google.com/store/apps/details?id=com.google.android.googlequicksearchbox,2021-07-24 19:46:43.577000+00:00,['Android'],2021-07-24
299,Roblox,Used Roblox,https://play.google.com/store/apps/details?id=com.roblox.client,2021-07-24 19:46:38.741000+00:00,['Android'],2021-07-24
300,Roblox,Used Roblox,https://play.google.com/store/apps/details?id=com.roblox.client,2021-07-24 18:34:22.367000+00:00,['Android'],2021-07-24
301,Samsung One UI Home,Used Samsung One UI Home,https://play.google.com/store/apps/details?id=com.sec.android.app.launcher,2021-07-24 18:34:04.889000+00:00,['Android'],2021-07-24
302,Roblox,Used Roblox,https://play.google.com/store/apps/details?id=com.roblox.client,2021-07-24 16:03:53.563000+00:00,['Android'],2021-07-24
303,Roblox,Used Roblox,https://play.google.com/store/apps/details?id=com.roblox.client,2021-07-24 15:25:46.526000+00:00,['Android'],2021-07-24
304,Roblox,Used Roblox,https://play.google.com/store/apps/details?id=com.roblox.client,2021-07-24 14:25:45.816000+00:00,['Android'],2021-07-24
305,Roblox,Used Roblox,https://play.google.com/store/apps/details?id=com.roblox.client,2021-07-24 13:46:59.696000+00:00,['Android'],2021-07-24
306,Samsung One UI Home,Used Samsung One UI Home,https://play.google.com/store/apps/details?id=com.sec.android.app.launcher,2021-07-24 13:46:27.681000+00:00,['Android'],2021-07-24
307,Minecraft,Used Minecraft,https://play.google.com/store/apps/details?id=com.mojang.minecraftpe,2021-07-24 13:25:47.985000+00:00,['Android'],2021-07-24
309,YouTube Kids,Used YouTube Kids,https://play.google.com/store/apps/details?id=com.google.android.apps.youtube.kids,2021-07-23 22:30:03.303000+00:00,['Android'],2021-07-23
310,Samsung One UI Home,Used Samsung One UI Home,https://play.google.com/store/apps/details?id=com.sec.android.app.launcher,2021-07-23 21:59:51.609000+00:00,['Android'],2021-07-23
311,Minecraft,Used Minecraft,https://play.google.com/store/apps/details?id=com.mojang.minecraftpe,2021-07-23 21:59:50.624000+00:00,['Android'],2021-07-23
312,Samsung One UI Home,Used Samsung One UI Home,https://play.google.com/store/apps/details?id=com.sec.android.app.launcher,2021-07-23 18:53:50.017000+00:00,['Android'],2021-07-23
313,Roblox,Used Roblox,https://play.google.com/store/apps/details?id=com.roblox.client,2021-07-23 18:52:31.171000+00:00,['Android'],2021-07-23
314,Roblox,Used Roblox,https://play.google.com/store/apps/details?id=com.roblox.client,2021-07-23 17:06:04.206000+00:00,['Android'],2021-07-23
315,Roblox,Used Roblox,https://play.google.com/store/apps/details?id=com.roblox.client,2021-07-23 16:06:34.688000+00:00,['Android'],2021-07-23
316,Samsung One UI Home,Used Samsung One UI Home,https://play.google.com/store/apps/details?id=com.sec.android.app.launcher,2021-07-23 16:06:00.042000+00:00,['Android'],2021-07-23
317,Samsung One UI Home,Used Samsung One UI Home,https://play.google.com/store/apps/details?id=com.sec.android.app.launcher,2021-07-23 13:49:02.869000+00:00,['Android'],2021-07-23
318,Roblox,Used Roblox,https://play.google.com/store/apps/details?id=com.roblox.client,2021-07-23 13:48:56.491000+00:00,['Android'],2021-07-23
319,Roblox,Used Roblox,https://play.google.com/store/apps/details?id=com.roblox.client,2021-07-23 13:05:43.336000+00:00,['Android'],2021-07-23
320,Samsung Gallery,Used Samsung Gallery,https://play.google.com/store/apps/details?id=com.sec.android.gallery3d,2021-07-23 13:05:14.281000+00:00,['Android'],2021-07-23
321,Samsung One UI Home,Used Samsung One UI Home,https://play.google.com/store/apps/details?id=com.sec.android.app.launcher,2021-07-23 13:05:12.009000+00:00,['Android'],2021-07-23
322,YouTube Kids,Used YouTube Kids,https://play.google.com/store/apps/details?id=com.google.android.apps.youtube.kids,2021-07-23 12:59:36.618000+00:00,['Android'],2021-07-23
323,Roblox,Used Roblox,https://play.google.com/store/apps/details?id=com.roblox.client,2021-07-22 23:19:58.810000+00:00,['Android'],2021-07-22
324,Roblox,Used Roblox,https://play.google.com/store/apps/details?id=com.roblox.client,2021-07-22 22:19:57.872000+00:00,['Android'],2021-07-22
325,Roblox,Used Roblox,https://play.google.com/store/apps/details?id=com.roblox.client,2021-07-22 21:19:57.694000+00:00,['Android'],2021-07-22
326,Samsung One UI Home,Used Samsung One UI Home,https://play.google.com/store/apps/details?id=com.sec.android.app.launcher,2021-07-22 21:16:14.633000+00:00,['Android'],2021-07-22
327,Samsung One UI Home,Used Samsung One UI Home,https://play.google.com/store/apps/details?id=com.sec.android.app.launcher,2021-07-22 13:36:49.867000+00:00,['Android'],2021-07-22
328,Minecraft,Used Minecraft,https://play.google.com/store/apps/details?id=com.mojang.minecraftpe,2021-07-22 13:02:21.049000+00:00,['Android'],2021-07-22
329,Samsung One UI Home,Used Samsung One UI Home,https://play.google.com/store/apps/details?id=com.sec.android.app.launcher,2021-07-22 13:02:11.677000+00:00,['Android'],2021-07-22
330,Roblox,Used Roblox,https://play.google.com/store/apps/details?id=com.roblox.client,2021-07-22 13:01:36.447000+00:00,['Android'],2021-07-22
331,YouTube Kids,Used YouTube Kids,https://play.google.com/store/apps/details?id=com.google.android.apps.youtube.kids,2021-07-21 21:36:10.338000+00:00,['Android'],2021-07-21
332,Samsung One UI Home,Used Samsung One UI Home,https://play.google.com/store/apps/details?id=com.sec.android.app.launcher,2021-07-21 21:29:21.818000+00:00,['Android'],2021-07-21
333,Minecraft,Used Minecraft,https://play.google.com/store/apps/details?id=com.mojang.minecraftpe,2021-07-21 21:29:20.503000+00:00,['Android'],2021-07-21
334,Samsung One UI Home,Used Samsung One UI Home,https://play.google.com/store/apps/details?id=com.sec.android.app.launcher,2021-07-21 19:41:46.795000+00:00,['Android'],2021-07-21
335,Roblox,Used Roblox,https://play.google.com/store/apps/details?id=com.roblox.client,2021-07-21 19:37:56.970000+00:00,['Android'],2021-07-21
336,Roblox,Used Roblox,https://play.google.com/store/apps/details?id=com.roblox.client,2021-07-21 18:21:37.473000+00:00,['Android'],2021-07-21
337,Samsung One UI Home,Used Samsung One UI Home,https://play.google.com/store/apps/details?id=com.sec.android.app.launcher,2021-07-21 18:18:37.405000+00:00,['Android'],2021-07-21
338,Samsung One UI Home,Used Samsung One UI Home,https://play.google.com/store/apps/details?id=com.sec.android.app.launcher,2021-07-21 17:09:16.664000+00:00,['Android'],2021-07-21
339,Roblox,Used Roblox,https://play.google.com/store/apps/details?id=com.roblox.client,2021-07-21 17:09:09.683000+00:00,['Android'],2021-07-21
340,Roblox,Used Roblox,https://play.google.com/store/apps/details?id=com.roblox.client,2021-07-21 16:08:32.758000+00:00,['Android'],2021-07-21
341,Samsung One UI Home,Used Samsung One UI Home,https://play.google.com/store/apps/details?id=com.sec.android.app.launcher,2021-07-21 16:07:20.981000+00:00,['Android'],2021-07-21
342,Roblox,Used Roblox,https://play.google.com/store/apps/details?id=com.roblox.client,2021-07-21 14:53:16.508000+00:00,['Android'],2021-07-21
343,Samsung One UI Home,Used Samsung One UI Home,https://play.google.com/store/apps/details?id=com.sec.android.app.launcher,2021-07-21 14:53:15.689000+00:00,['Android'],2021-07-21
344,Samsung One UI Home,Used Samsung One UI Home,https://play.google.com/store/apps/details?id=com.sec.android.app.launcher,2021-07-21 14:03:32.618000+00:00,['Android'],2021-07-21
345,Roblox,Used Roblox,https://play.google.com/store/apps/details?id=com.roblox.client,2021-07-21 00:53:37.822000+00:00,['Android'],2021-07-21
346,Samsung One UI Home,Used Samsung One UI Home,https://play.google.com/store/apps/details?id=com.sec.android.app.launcher,2021-07-21 00:28:29.057000+00:00,['Android'],2021-07-21
347,Minecraft,Used Minecraft,https://play.google.com/store/apps/details?id=com.mojang.minecraftpe,2021-07-21 00:25:44.268000+00:00,['Android'],2021-07-21
348,YouTube Kids,Used YouTube Kids,https://play.google.com/store/apps/details?id=com.google.android.apps.youtube.kids,2021-07-20 21:45:02.752000+00:00,['Android'],2021-07-20
349,Samsung One UI Home,Used Samsung One UI Home,https://play.google.com/store/apps/details?id=com.sec.android.app.launcher,2021-07-20 21:44:46.610000+00:00,['Android'],2021-07-20
350,Gacha Life,Used Gacha Life,https://play.google.com/store/apps/details?id=air.com.lunime.gachalife,2021-07-20 21:41:50.872000+00:00,['Android'],2021-07-20
351,Minecraft,Used Minecraft,https://play.google.com/store/apps/details?id=com.mojang.minecraftpe,2021-07-20 20:54:22.238000+00:00,['Android'],2021-07-20
352,Roblox,Used Roblox,https://play.google.com/store/apps/details?id=com.roblox.client,2021-07-20 20:54:07.068000+00:00,['Android'],2021-07-20
353,Samsung One UI Home,Used Samsung One UI Home,https://play.google.com/store/apps/details?id=com.sec.android.app.launcher,2021-07-20 20:37:10.560000+00:00,['Android'],2021-07-20
354,Samsung One UI Home,Used Samsung One UI Home,https://play.google.com/store/apps/details?id=com.sec.android.app.launcher,2021-07-20 14:47:38.429000+00:00,['Android'],2021-07-20
355,Roblox,Used Roblox,https://play.google.com/store/apps/details?id=com.roblox.client,2021-07-20 14:19:10.139000+00:00,['Android'],2021-07-20
356,Roblox,Used Roblox,https://play.google.com/store/apps/details?id=com.roblox.client,2021-07-20 13:04:10.965000+00:00,['Android'],2021-07-20
357,Roblox,Used Roblox,https://play.google.com/store/apps/details?id=com.roblox.client,2021-07-20 12:18:14.481000+00:00,['Android'],2021-07-20
358,Samsung One UI Home,Used Samsung One UI Home,https://play.google.com/store/apps/details?id=com.sec.android.app.launcher,2021-07-20 12:04:06.735000+00:00,['Android'],2021-07-20
359,YouTube Kids,Used YouTube Kids,https://play.google.com/store/apps/details?id=com.google.android.apps.youtube.kids,2021-07-19 21:39:31.710000+00:00,['Android'],2021-07-19
360,Samsung One UI Home,Used Samsung One UI Home,https://play.google.com/store/apps/details?id=com.sec.android.app.launcher,2021-07-19 21:27:48.410000+00:00,['Android'],2021-07-19
361,Minecraft,Used Minecraft,https://play.google.com/store/apps/details?id=com.mojang.minecraftpe,2021-07-19 20:36:11.927000+00:00,['Android'],2021-07-19
362,Roblox,Used Roblox,https://play.google.com/store/apps/details?id=com.roblox.client,2021-07-19 20:35:58.559000+00:00,['Android'],2021-07-19
363,Samsung One UI Home,Used Samsung One UI Home,https://play.google.com/store/apps/details?id=com.sec.android.app.launcher,2021-07-19 20:35:56.806000+00:00,['Android'],2021-07-19
364,Roblox,Used Roblox,https://play.google.com/store/apps/details?id=com.roblox.client,2021-07-19 19:35:38.161000+00:00,['Android'],2021-07-19
365,Roblox,Used Roblox,https://play.google.com/store/apps/details?id=com.roblox.client,2021-07-19 18:50:26.817000+00:00,['Android'],2021-07-19
366,Roblox,Used Roblox,https://play.google.com/store/apps/details?id=com.roblox.client,2021-07-19 17:42:45.879000+00:00,['Android'],2021-07-19
367,Samsung One UI Home,Used Samsung One UI Home,https://play.google.com/store/apps/details?id=com.sec.android.app.launcher,2021-07-19 17:36:17.219000+00:00,['Android'],2021-07-19
368,Samsung One UI Home,Used Samsung One UI Home,https://play.google.com/store/apps/details?id=com.sec.android.app.launcher,2021-07-19 14:27:28.691000+00:00,['Android'],2021-07-19
371,Netflix,Used Netflix,https://play.google.com/store/apps/details?id=com.netflix.mediaclient,2021-07-19 00:58:44.643000+00:00,['Android'],2021-07-19
372,Samsung One UI Home,Used Samsung One UI Home,https://play.google.com/store/apps/details?id=com.sec.android.app.launcher,2021-07-19 00:58:08.017000+00:00,['Android'],2021-07-19
373,Minecraft,Used Minecraft,https://play.google.com/store/apps/details?id=com.mojang.minecraftpe,2021-07-19 00:15:13.048000+00:00,['Android'],2021-07-19
374,Roblox,Used Roblox,https://play.google.com/store/apps/details?id=com.roblox.client,2021-07-19 00:15:05.154000+00:00,['Android'],2021-07-19
375,Samsung One UI Home,Used Samsung One UI Home,https://play.google.com/store/apps/details?id=com.sec.android.app.launcher,2021-07-18 15:51:11.494000+00:00,['Android'],2021-07-18
376,Roblox,Used Roblox,https://play.google.com/store/apps/details?id=com.roblox.client,2021-07-18 15:51:08.682000+00:00,['Android'],2021-07-18
377,Roblox,Used Roblox,https://play.google.com/store/apps/details?id=com.roblox.client,2021-07-18 14:47:25.923000+00:00,['Android'],2021-07-18
378,Roblox,Used Roblox,https://play.google.com/store/apps/details?id=com.roblox.client,2021-07-18 13:22:54.544000+00:00,['Android'],2021-07-18
379,Samsung One UI Home,Used Samsung One UI Home,https://play.google.com/store/apps/details?id=com.sec.android.app.launcher,2021-07-18 13:18:38.400000+00:00,['Android'],2021-07-18
380,Minecraft,Used Minecraft,https://play.google.com/store/apps/details?id=com.mojang.minecraftpe,2021-07-18 12:38:05.174000+00:00,['Android'],2021-07-18
381,Samsung One UI Home,Used Samsung One UI Home,https://play.google.com/store/apps/details?id=com.sec.android.app.launcher,2021-07-18 12:37:48.891000+00:00,['Android'],2021-07-18
382,Roblox,Used Roblox,https://play.google.com/store/apps/details?id=com.roblox.client,2021-07-18 12:36:28.223000+00:00,['Android'],2021-07-18
383,Roblox,Used Roblox,https://play.google.com/store/apps/details?id=com.roblox.client,2021-07-17 23:59:20.250000+00:00,['Android'],2021-07-17
384,Samsung One UI Home,Used Samsung One UI Home,https://play.google.com/store/apps/details?id=com.sec.android.app.launcher,2021-07-17 23:05:16.802000+00:00,['Android'],2021-07-17
385,Disney+,Used Disney+,https://play.google.com/store/apps/details?id=com.disney.disneyplus,2021-07-17 22:30:02.838000+00:00,['Android'],2021-07-17
386,Disney+,Used Disney+,https://play.google.com/store/apps/details?id=com.disney.disneyplus,2021-07-17 21:29:25.535000+00:00,['Android'],2021-07-17
387,Samsung One UI Home,Used Samsung One UI Home,https://play.google.com/store/apps/details?id=com.sec.android.app.launcher,2021-07-17 21:27:34.852000+00:00,['Android'],2021-07-17
388,Samsung One UI Home,Used Samsung One UI Home,https://play.google.com/store/apps/details?id=com.sec.android.app.launcher,2021-07-17 14:34:24.948000+00:00,['Android'],2021-07-17
389,Roblox,Used Roblox,https://play.google.com/store/apps/details?id=com.roblox.client,2021-07-17 14:34:08.976000+00:00,['Android'],2021-07-17
390,Samsung One UI Home,Used Samsung One UI Home,https://play.google.com/store/apps/details?id=com.sec.android.app.launcher,2021-07-17 13:28:11.559000+00:00,['Android'],2021-07-17
391,Roblox,Used Roblox,https://play.google.com/store/apps/details?id=com.roblox.client,2021-07-17 13:26:31.639000+00:00,['Android'],2021-07-17
392,Roblox,Used Roblox,https://play.google.com/store/apps/details?id=com.roblox.client,2021-07-17 12:38:13.256000+00:00,['Android'],2021-07-17
393,Samsung One UI Home,Used Samsung One UI Home,https://play.google.com/store/apps/details?id=com.sec.android.app.launcher,2021-07-17 12:11:41.483000+00:00,['Android'],2021-07-17
394,Roblox,Used Roblox,https://play.google.com/store/apps/details?id=com.roblox.client,2021-07-17 00:55:35.396000+00:00,['Android'],2021-07-17
395,Roblox,Used Roblox,https://play.google.com/store/apps/details?id=com.roblox.client,2021-07-17 00:08:55.815000+00:00,['Android'],2021-07-17
396,Samsung One UI Home,Used Samsung One UI Home,https://play.google.com/store/apps/details?id=com.sec.android.app.launcher,2021-07-16 23:47:28.822000+00:00,['Android'],2021-07-16
397,Roblox,Used Roblox,https://play.google.com/store/apps/details?id=com.roblox.client,2021-07-16 22:42:39.381000+00:00,['Android'],2021-07-16
398,Samsung One UI Home,Used Samsung One UI Home,https://play.google.com/store/apps/details?id=com.sec.android.app.launcher,2021-07-16 22:40:46.746000+00:00,['Android'],2021-07-16
399,Roblox,Used Roblox,https://play.google.com/store/apps/details?id=com.roblox.client,2021-07-16 20:39:31.100000+00:00,['Android'],2021-07-16
400,Samsung One UI Home,Used Samsung One UI Home,https://play.google.com/store/apps/details?id=com.sec.android.app.launcher,2021-07-16 20:30:06.026000+00:00,['Android'],2021-07-16
401,Brain Test: Tricky Puzzles,Used Brain Test: Tricky Puzzles,https://play.google.com/store/apps/details?id=com.unicostudio.braintest,2021-07-16 20:29:41.593000+00:00,['Android'],2021-07-16
402,Samsung One UI Home,Used Samsung One UI Home,https://play.google.com/store/apps/details?id=com.sec.android.app.launcher,2021-07-16 00:38:17.098000+00:00,['Android'],2021-07-16
403,Roblox,Used Roblox,https://play.google.com/store/apps/details?id=com.roblox.client,2021-07-15 22:34:38.970000+00:00,['Android'],2021-07-15
404,Roblox,Used Roblox,https://play.google.com/store/apps/details?id=com.roblox.client,2021-07-15 22:01:36.452000+00:00,['Android'],2021-07-15
405,Samsung One UI Home,Used Samsung One UI Home,https://play.google.com/store/apps/details?id=com.sec.android.app.launcher,2021-07-15 22:01:24.041000+00:00,['Android'],2021-07-15
406,Samsung One UI Home,Used Samsung One UI Home,https://play.google.com/store/apps/details?id=com.sec.android.app.launcher,2021-07-15 21:16:07.829000+00:00,['Android'],2021-07-15
407,Roblox,Used Roblox,https://play.google.com/store/apps/details?id=com.roblox.client,2021-07-15 21:15:49.744000+00:00,['Android'],2021-07-15
